-- ============================================
--  本地生活平台 — 测试数据
--  使用方法: 先执行 schema.sql 建表，再执行此文件插入数据
--  开发环境密码: 123456（明文，已通过 BCrypt hashpw 存储）
-- ============================================

USE local_life;

-- ===================== 用户 =====================

-- 商家用户（密码明文 123456，首次登录后由 checkPw 明文比对通过）
INSERT INTO tb_user (id, phone, username, password, nick_name, name, sex, user_type, status, create_time) VALUES
(1, '13800001111', 'admin',    '123456', '张店长', '张建国', 1, 1, 1, NOW()),
(2, '13900002222', 'chef_wang', '123456', '王大厨', '王明', 1, 2, 1, NOW()),
(3, '13700003333', 'waiter_li', '123456', '小李', '李芳', 2, 2, 1, NOW());

-- 顾客用户（手机号即登录凭证，验证码 123456）
INSERT INTO tb_user (id, phone, nick_name, icon, sex, user_type, status, create_time) VALUES
(10, '13812345678', '美食猎人',  'https://img.localife.cn/avatar1.png', 1, 0, 1, NOW()),
(11, '13987654321', '吃货小张',  'https://img.localife.cn/avatar2.png', 2, 0, 1, NOW()),
(12, '13611112222', '咖啡控小王', 'https://img.localife.cn/avatar3.png', 1, 0, 1, NOW()),
(13, '13533334444', '火锅达人',  'https://img.localife.cn/avatar4.png', 2, 0, 1, NOW());

-- ===================== 店铺类型 =====================

INSERT INTO tb_shop_type (id, name, sort) VALUES
(1, '火锅', 1),
(2, '快餐', 2),
(3, '饮品甜品', 3),
(4, '川菜湘菜', 4),
(5, '日料韩餐', 5),
(6, '烧烤', 6);

-- ===================== 店铺 =====================

INSERT INTO tb_shop (id, name, type_id, merchant_user_id, area, address, longitude, latitude, avg_price, sold, score, open_hours, phone, description, delivery_fee, min_order, status, create_time) VALUES
(1, '蜀九香火锅（三里屯店）', 1, 1, '朝阳区', '工体北路甲2号', 116.4551, 39.9320, 12800, 3286, 4.8, '10:00-22:00', '010-88886666', '蜀九香火锅创立于2005年，是京城知名的重庆火锅品牌。精选优质食材，传承正宗川渝味道。', 300, 2000, 1, NOW()),
(2, '肯德基（望京店）', 2, 1, '朝阳区', '望京街9号万科时代中心1层', 116.4805, 40.0020, 3500, 8920, 4.5, '07:00-23:00', '010-66668888', '肯德基望京门店，支持外卖配送和到店自取。', 200, 1500, 1, NOW()),
(3, '星巴克臻选（国贸店）', 3, 1, '朝阳区', '建国门外大街1号国贸大厦B1', 116.4588, 39.9087, 4500, 5120, 4.6, '07:30-21:00', '010-55556666', '星巴克臻选店，精选咖啡豆，手工调制每一杯。', 300, 2500, 1, NOW()),
(4, '大董烤鸭（工体店）', 4, 2, '朝阳区', '工人体育场北路1号', 116.4500, 39.9350, 19800, 1680, 4.7, '11:00-14:00,17:00-21:00', '010-99998888', '北京烤鸭名店，精选北京填鸭，果木烤制，皮脆肉嫩。', 500, 5000, 1, NOW());

-- ===================== 地址簿 =====================

INSERT INTO tb_address_book (id, user_id, consignee, sex, phone, province, city, district, detail, label, is_default) VALUES
(1, 10, '李先生', 1, '13812345678', '北京市', '朝阳区', '三里屯街道', '工体北路甲2号 蜀九香火锅对面 3号楼1806室', '家', 1),
(2, 10, '李先生', 1, '13812345678', '北京市', '朝阳区', '望京街道', '望京SOHO T1 22层', '公司', 0),
(3, 11, '张女士', 2, '13987654321', '北京市', '朝阳区', '国贸街道', '建国门外大街1号 国贸大厦A座15层', '公司', 1),
(4, 12, '王先生', 1, '13611112222', '北京市', '朝阳区', '望京街道', '望京街9号 万科时代中心旁', '家', 1);

-- ===================== 菜品分类 =====================

INSERT INTO tb_category (id, shop_id, type, name, sort, status, create_time) VALUES
-- 蜀九香（shop=1）菜品分类
(1, 1, 1, '🔥 招牌锅底', 1, 1, NOW()),
(2, 1, 1, '🥩 精品荤菜', 2, 1, NOW()),
(3, 1, 1, '🥬 时令素菜', 3, 1, NOW()),
(4, 1, 1, '🧃 酒水饮品', 4, 1, NOW()),
-- 蜀九香 套餐分类
(5, 1, 2, '🎉 超值套餐', 1, 1, NOW()),
-- 肯德基（shop=2）菜品分类
(6, 2, 1, '🍗 人气汉堡', 1, 1, NOW()),
(7, 2, 1, '🍟 小食饮品', 2, 1, NOW()),
-- 肯德基 套餐分类
(8, 2, 2, '📦 超值套餐', 1, 1, NOW()),
-- 星巴克（shop=3）菜品分类
(9, 3, 1, '☕ 经典咖啡', 1, 1, NOW()),
(10, 3, 1, '🍵 茶饮系列', 2, 1, NOW()),
(11, 3, 1, '🍰 甜品轻食', 3, 1, NOW());

-- ===================== 菜品 =====================

INSERT INTO tb_dish (id, shop_id, category_id, name, image, description, price, status, create_time) VALUES
-- 蜀九香 — 锅底
(1, 1, 1, '九宫格牛油锅底', 'https://img.localife.cn/dish/hotpot.jpg', '正宗重庆牛油，麻辣鲜香，九宫格分区涮烫', 6800, 1, NOW()),
(2, 1, 1, '番茄鸳鸯锅底', 'https://img.localife.cn/dish/tomato.jpg', '一半牛油一半番茄，老少皆宜', 5800, 1, NOW()),
-- 蜀九香 — 荤菜
(3, 1, 2, '极品雪花肥牛', 'https://img.localife.cn/dish/beef.jpg', '澳洲M7和牛，大理石纹路清晰，入口即化', 8800, 1, NOW()),
(4, 1, 2, '手工虾滑', 'https://img.localife.cn/dish/shrimp.jpg', '鲜虾手打，Q弹爽滑，肉质饱满', 4200, 1, NOW()),
(5, 1, 2, '鲜毛肚', 'https://img.localife.cn/dish/tripe.jpg', '每日新鲜直供，七上八下涮15秒最佳', 5800, 1, NOW()),
-- 蜀九香 — 素菜
(6, 1, 3, '时蔬拼盘', 'https://img.localife.cn/dish/veggie.jpg', '当日时令蔬菜组合，新鲜健康', 2800, 1, NOW()),
-- 蜀九香 — 饮品
(7, 1, 4, '酸梅汤', 'https://img.localife.cn/dish/drink.jpg', '秘制配方，冰镇解辣', 1200, 1, NOW()),

-- 肯德基 — 汉堡
(8, 2, 6, '香辣鸡腿堡', 'https://img.localife.cn/dish/kfc1.jpg', '整块鸡腿肉，香辣酥脆', 1800, 1, NOW()),
(9, 2, 6, '藤椒鸡腿堡', 'https://img.localife.cn/dish/kfc2.jpg', '藤椒风味，鲜麻过瘾', 1900, 1, NOW()),
-- 肯德基 — 小食
(10, 2, 7, '薯条（大）', 'https://img.localife.cn/dish/fries.jpg', '外酥里嫩，金黄诱人', 1200, 1, NOW()),
(11, 2, 7, '九珍果汁', 'https://img.localife.cn/dish/juice.jpg', '九种水果混合，健康美味', 1000, 1, NOW()),

-- 星巴克 — 咖啡
(12, 3, 9, '拿铁（大杯）', 'https://img.localife.cn/dish/latte.jpg', '经典意式浓缩与蒸汽牛奶的完美融合', 3800, 1, NOW()),
(13, 3, 9, '美式咖啡（大杯）', 'https://img.localife.cn/dish/americano.jpg', '纯正黑咖啡，提神醒脑', 2800, 1, NOW()),
-- 星巴克 — 茶饮
(14, 3, 10, '抹茶星冰乐', 'https://img.localife.cn/dish/matcha.jpg', '日本宇治抹茶，清新丝滑', 3800, 1, NOW()),
-- 星巴克 — 甜品
(15, 3, 11, '提拉米苏', 'https://img.localife.cn/dish/tiramisu.jpg', '经典意式甜品，入口即化', 3200, 1, NOW());

-- ===================== 菜品口味 =====================

INSERT INTO tb_dish_flavor (id, dish_id, name, value) VALUES
(1, 1, '辣度', '微辣,中辣,特辣'),
(2, 3, '份量', '150g,300g'),
(3, 8, '辣度', '微辣,中辣,特辣'),
(4, 12, '温度', '热,冰'),
(5, 12, '甜度', '无糖,半糖,全糖'),
(6, 14, '杯型', '中杯,大杯');

-- ===================== 套餐 =====================

INSERT INTO tb_setmeal (id, shop_id, category_id, name, image, description, price, status, create_time) VALUES
(1, 1, 5, '双人火锅套餐', 'https://img.localife.cn/meal/double.jpg', '九宫格锅底+雪花肥牛+虾滑+时蔬拼盘+酸梅汤×2，原价¥198', 16800, 1, NOW()),
(2, 1, 5, '四人聚餐套餐', 'https://img.localife.cn/meal/four.jpg', '九宫格锅底+雪花肥牛×2+虾滑×2+毛肚+时蔬拼盘+酸梅汤×4，原价¥368', 32800, 1, NOW()),
(3, 2, 8, '超值午餐', 'https://img.localife.cn/meal/lunch.jpg', '香辣鸡腿堡+薯条(大)+九珍果汁，原价¥45', 3500, 1, NOW()),
(4, 3, 11, '下午茶套餐', 'https://img.localife.cn/meal/tea.jpg', '拿铁(大)+提拉米苏，原价¥70', 5800, 1, NOW());

-- ===================== 套餐菜品 =====================

INSERT INTO tb_setmeal_dish (id, setmeal_id, dish_id, name, price, copies) VALUES
-- 双人火锅套餐
(1, 1, 1, '九宫格牛油锅底', 6800, 1),
(2, 1, 3, '极品雪花肥牛', 8800, 1),
(3, 1, 4, '手工虾滑', 4200, 1),
(4, 1, 6, '时蔬拼盘', 2800, 1),
(5, 1, 7, '酸梅汤', 1200, 2),
-- 四人聚餐套餐
(6, 2, 1, '九宫格牛油锅底', 6800, 1),
(7, 2, 3, '极品雪花肥牛', 8800, 2),
(8, 2, 4, '手工虾滑', 4200, 2),
(9, 2, 5, '鲜毛肚', 5800, 1),
(10, 2, 6, '时蔬拼盘', 2800, 1),
(11, 2, 7, '酸梅汤', 1200, 4),
-- 超值午餐
(12, 3, 8, '香辣鸡腿堡', 1800, 1),
(13, 3, 10, '薯条（大）', 1200, 1),
(14, 3, 11, '九珍果汁', 1000, 1),
-- 下午茶套餐
(15, 4, 12, '拿铁（大杯）', 3800, 1),
(16, 4, 15, '提拉米苏', 3200, 1);

-- ===================== 优惠券 =====================

INSERT INTO tb_voucher (id, shop_id, title, sub_title, rules, pay_value, actual_value, type, status, create_time) VALUES
-- 蜀九香 — 秒杀券
(1, 1, '100元代金券（秒杀）', '全场通用·每桌限1张', '{"useLimit":1,"validDays":30}', 990, 10000, 1, 1, NOW()),
-- 蜀九香 — 普通券
(2, 1, '双人火锅套餐券', '原价¥198·已售1286份', '{"useLimit":1,"validDays":60}', 8800, 19800, 0, 1, NOW()),
(3, 1, '四人聚餐券', '原价¥368·已售623份', '{"useLimit":1,"validDays":60}', 16800, 36800, 0, 1, NOW()),
(4, 1, '满200减50', '单桌满200可用', '{"minAmount":20000,"useLimit":1}', 5000, 5000, 0, 1, NOW()),
-- 肯德基
(5, 2, '藤椒鸡腿堡特价券', '原价¥19·限量抢购', '{"useLimit":1,"validDays":15}', 990, 1900, 0, 1, NOW()),
-- 星巴克
(6, 3, '饮品半价券', '任意饮品可用·周末可用', '{"useLimit":1,"validDays":30}', 1900, 3800, 0, 1, NOW()),
(7, 3, '星巴克任意饮品券（秒杀）', '任意中杯饮品·周末可用', '{"useLimit":1,"validDays":30}', 1990, 3800, 1, 1, NOW());

-- ===================== 秒杀券 =====================

INSERT INTO tb_seckill_voucher (voucher_id, stock, begin_time, end_time) VALUES
(1, 200, '2026-06-01 00:00:00', '2026-12-31 23:59:59'),
(7, 500, '2026-06-01 00:00:00', '2026-12-31 23:59:59');

-- ===================== 券订单 =====================

INSERT INTO tb_voucher_order (id, user_id, voucher_id, pay_type, status, create_time, pay_time, use_time) VALUES
(100, 10, 1, 0, 1, '2026-06-18 12:15:00', '2026-06-18 12:15:30', '2026-06-18 19:30:00'),
(101, 11, 2, 0, 1, '2026-06-19 10:20:00', '2026-06-19 10:20:15', '2026-06-20 12:00:00'),
(102, 10, 3, 0, 0, '2026-06-19 15:30:00', NULL, NULL);

-- ===================== 外卖订单 =====================

INSERT INTO tb_takeout_order (id, order_number, user_id, shop_id, address_book_id, status, amount, remark, create_time) VALUES
(1000, 'LL20260619001', 10, 1, 1, 3, 29100, '不要香菜', '2026-06-19 18:32:00'),
(1001, 'LL20260620001', 11, 2, 3, 1, 4700, '', '2026-06-20 12:15:00'),
(1002, 'LL20260620002', 12, 3, 4, 0, 7000, '少冰', '2026-06-20 14:20:00'),
(1003, 'LL20260620003', 10, 1, 1, 4, 16800, '微辣', '2026-06-20 16:45:00');

-- ===================== 订单明细 =====================

INSERT INTO tb_order_detail (id, order_id, dish_id, setmeal_id, name, price, number) VALUES
-- 订单 1000（蜀九香外卖）
(2000, 1000, 1, NULL, '九宫格牛油锅底', 6800, 1),
(2001, 1000, 3, NULL, '极品雪花肥牛', 8800, 2),
(2002, 1000, 4, NULL, '手工虾滑', 4200, 1),
-- 订单 1001（肯德基午餐）
(2003, 1001, 8, NULL, '香辣鸡腿堡', 1800, 1),
(2004, 1001, 10, NULL, '薯条（大）', 1200, 1),
(2005, 1001, 11, NULL, '九珍果汁', 1000, 1),
-- 订单 1002（星巴克下午茶）
(2006, 1002, 14, NULL, '抹茶星冰乐', 3800, 1),
(2007, 1002, 15, NULL, '提拉米苏', 3200, 1),
-- 订单 1003（蜀九香套餐券核销）
(2008, 1003, NULL, 1, '双人火锅套餐', 16800, 1);

-- ===================== 探店笔记 =====================

INSERT INTO tb_explore_note (id, shop_id, user_id, order_id, order_type, title, images, content, status, create_time) VALUES
(1, 1, 10, 100, 0, '🔥 京城必打卡的重庆火锅！', 'https://img.localife.cn/note/note1_1.jpg,https://img.localife.cn/note/note1_2.jpg', '这家店的九宫格锅底真的很正宗！牛油香气浓郁，辣度也恰到好处。必点雪花肥牛和虾滑，食材新鲜分量足。服务员态度很好，会主动帮忙调火候。人均100出头，性价比很高！下次还会再来~', 1, '2026-06-18 10:00:00'),
(2, 1, 11, 101, 0, '双人套餐超划算', 'https://img.localife.cn/note/note2.jpg', '团了88的双人券来的，性价比很高！两人吃撑了还没吃完。推荐番茄鸳鸯锅，番茄汤底可以直接喝。肥牛质量很好，不是那种冷冻的薄片。', 1, '2026-06-17 09:30:00'),
(3, 3, 12, 1002, 1, '☕ 国贸新开的臻选店，环境绝了', 'https://img.localife.cn/note/note3.jpg', '周末来国贸逛街发现的，这家臻选店装修很有格调。点了招牌冷萃和抹茶星冰乐，口感一如既往地好。窗边的位置可以看到CBD天际线，非常适合拍照打卡~', 1, '2026-06-16 14:00:00');


